Workbook

Sheet sample info summary
A1: Sample Name | B1: Total Mass (mg) | C1: Length (mm) | D1: Width (mm) | E1: Thickness (mm)
A2: Fe2O3_Glass Substrate | B2: 82.5 | C2: 4.01 | D2: 4.03 | E2: 1.02
A5: Sample Name | B5: Total Mass (mg) | C5: Length (mm) | D5: Width (mm) | E5: Thickness (mm) | F5: Orientation | G5: Msat (A/m) | I5: Anisotropy Field (A/m) | K5: Coercitivity (A/m) | M5: Mr (A/m) | O5: Permeability (A/m) | Q5: Squareness, S=Mr/Ms
A6: Fe2O3_Sample #1 | B6: 82.89 | C6: 4.04 | D6: 4.03 | E6: 0.0001 | F6: Vertical | G6: 439970 | K6: 31191.34 | M6: 96432 | O6: 4.56685 | Q6: =M6/G6 -> 0.21917858
F7: Horizontal | Q7: =M7/G7 -> #DIV/0!
A8: Fe2O3_Sample #2 | B8: 82.69 | C8: 4.02 | D8: 4.01 | E8: 0.0001 | F8: Vertical | G8: 488480 | K8: 30937.108 | M8: 90110 | O8: 4.3518 | Q8: =M8/G8 -> 0.18447019
F9: Horizontal | Q9: =M9/G9 -> #DIV/0!
A10: Fe2O3_Sample #3 | B10: 82.52 | C10: 4.03 | D10: 4.01 | E10: 0.0001 | F10: Vertical | G10: 426230 | K10: 29338.476 | M10: 91213 | O10: 4.4988 | Q10: =M10/G10 -> 0.21399948
F11: Horizontal | Q11: =M11/G11 -> #DIV/0!
A12: Fe2O3_Sample #4 | B12: 82.7 | C12: 4 | D12: 4 | E12: 0.0001 | F12: Vertical | G12: 273000 | K12: 32044.614 | M12: 61241 | O12: 3.4073 | Q12: =M12/G12 -> 0.22432601
F13: Horizontal | Q13: =M13/G13 -> #DIV/0!
A14: Fe2O3_Sample #5 | B14: 82.79 | C14: 4.01 | D14: 4.03 | E14: 0.0001 | F14: Vertical | G14: 238070 | K14: 22276.301 | M14: 36756 | O14: 3.0094 | Q14: =M14/G14 -> 0.15439157
F15: Horizontal | Q15: =M15/G15 -> #DIV/0!
A16: Fe2O3_Sample #6 | B16: 82.64 | C16: 4 | D16: 4.02 | E16: 0.0001 | F16: Vertical | G16: 226030 | K16: 26056.93 | M16: 42525 | O16: 3.0654 | Q16: =M16/G16 -> 0.18813874
F17: Horizontal | Q17: =M17/G17 -> #DIV/0!

Sheet Glass Substrate
B2: Fe2O3_Glass_Substrate
C3: mass (kg) | D3: length (mm) | E3: width (mm) | F3: thickness (mm) | G3: Volume (m^3)
C4: ='sample info summary'!B2*10^-6 -> 8.25e-05 | D4: ='sample info summary'!C2 -> 4.01 | E4: ='sample info summary'!D2 -> 4.03 | F4: ='sample info summary'!E2 -> 1.02 | G4: =(D4*E4*F4)*0.000000001 -> 1.6483506e-08
A7: Raw data | F7: Converted
A8: Temperature (K) | B8: Magnetic Field (Oe) | C8: Moment (emu) | D8: M. Std. Err. (emu) | F8: Moment (Am^2) | G8: Field (A/m) | H8: Magnetization (A/m)
A9: 293.1687 | B9: 0.42674197 | C9: 4.8303382e-07 | D9: 3.0473112e-07 | F9: =C9/1000 -> 4.8303382e-10 | G9: =(B9*1000)/(4*PI()) -> 33.959047 | H9: =F9/$G$4 -> 0.02930407
A10: 293.16377 | B10: 0.4539808 | C10: 3.6578006e-07 | D10: 2.8830736e-07 | F10: =C10/1000 -> 3.6578006e-10 | G10: =(B10*1000)/(4*PI()) -> 36.126644 | H10: =F10/$G$4 -> 0.022190671
A11: 293.15446 | B11: 0.8898024 | C11: 9.8631195e-07 | D11: 3.4049802e-07 | F11: =C11/1000 -> 9.8631195e-10 | G11: =(B11*1000)/(4*PI()) -> 70.808225 | H11: =F11/$G$4 -> 0.059836296
A12: 293.14636 | B12: 1.1258724 | C12: 6.52763e-07 | D12: 3.8163548e-07 | F12: =C12/1000 -> 6.52763e-10 | G12: =(B12*1000)/(4*PI()) -> 89.594077 | H12: =F12/$G$4 -> 0.03960098
A13: 293.13954 | B13: 1.7614455 | C13: 3.8807717e-07 | D13: 2.9631804e-07 | F13: =C13/1000 -> 3.8807717e-10 | G13: =(B13*1000)/(4*PI()) -> 140.17138 | H13: =F13/$G$4 -> 0.023543363
A14: 293.13199 | B14: 2.0610729 | C14: 1.0958195e-06 | D14: 3.0421498e-07 | F14: =C14/1000 -> 1.0958195e-09 | G14: =(B14*1000)/(4*PI()) -> 164.01497 | H14: =F14/$G$4 -> 0.066479756
A15: 293.12462 | B15: 2.5604516 | C15: 3.7260239e-07 | D15: 3.1155554e-07 | F15: =C15/1000 -> 3.7260239e-10 | G15: =(B15*1000)/(4*PI()) -> 203.75427 | H15: =F15/$G$4 -> 0.02260456
A16: 293.11624 | B16: 3.6863241 | C16: 8.0552296e-07 | D16: 3.8164711e-07 | F16: =C16/1000 -> 8.0552296e-10 | G16: =(B16*1000)/(4*PI()) -> 293.34835 | H16: =F16/$G$4 -> 0.048868424
A17: 293.11034 | B17: 4.2220216 | C17: 6.1370875e-07 | D17: 3.4651485e-07 | F17: =C17/1000 -> 6.1370875e-10 | G17: =(B17*1000)/(4*PI()) -> 335.9778 | H17: =F17/$G$4 -> 0.037231688
A18: 293.10387 | B18: 5.8563523 | C18: 1.2958354e-06 | D18: 3.1523506e-07 | F18: =C18/1000 -> 1.2958354e-09 | G18: =(B18*1000)/(4*PI()) -> 466.03371 | H18: =F18/$G$4 -> 0.078614063
A19: 293.09752 | B19: 7.2455335 | C19: 8.7570131e-07 | D19: 2.4819094e-07 | F19: =C19/1000 -> 8.7570131e-10 | G19: =(B19*1000)/(4*PI()) -> 576.58123 | H19: =F19/$G$4 -> 0.053125913
A20: 293.09097 | B20: 8.8526258 | C20: 1.1252211e-06 | D20: 2.9100211e-07 | F20: =C20/1000 -> 1.1252211e-09 | G20: =(B20*1000)/(4*PI()) -> 704.46958 | H20: =F20/$G$4 -> 0.068263459
... A257: 292.99222 | B257: 29999.324 | C257: -0.00040596506 | D257: 7.0134984e-07 | F257: =C257/1000 -> -4.0596506e-07 | G257: =(B257*1000)/(4*PI()) -> 2387270.4 | H257: =F257/$G$4 -> -24.628563

Sheet #1
B2: Fe2O3_Sample 1
C3: mass (kg) | D3: length (mm) | E3: width (mm) | F3: thickness (mm) | G3: Volume (m^3)
C4: ='sample info summary'!B6*10^-6 -> 8.289e-05 | D4: ='sample info summary'!C6 -> 4.04 | E4: ='sample info summary'!D6 -> 4.03 | F4: ='sample info summary'!E6 -> 0.0001 | G4: =(D4*E4*F4)*0.000000001 -> 1.62812e-12
A7: Raw data | F7: Converted
A8: Temperature (K) | B8: Magnetic Field (Oe) | C8: Moment (emu) | D8: M. Std. Err. (emu) | F8: Moment (Am^2) | G8: Field (A/m) | H8: Magnetization (A/m)
A9: 293.0825 | B9: -0.036318466 | C9: 5.9372082e-06 | D9: 3.107755e-07 | F9: =C9/1000 -> 5.9372082e-09 | G9: =(B9*1000)/(4*PI()) -> -2.8901317 | H9: =F9/$G$4 -> 3646.665
A10: 293.08095 | B10: 0.58109543 | C10: 6.4904273e-06 | D10: 2.9493714e-07 | F10: =C10/1000 -> 6.4904273e-09 | G10: =(B10*1000)/(4*PI()) -> 46.242105 | H10: =F10/$G$4 -> 3986.4551
A11: 293.08258 | B11: 0.6083343 | C11: 6.4276546e-06 | D11: 3.1514139e-07 | F11: =C11/1000 -> 6.4276546e-09 | G11: =(B11*1000)/(4*PI()) -> 48.409706 | H11: =F11/$G$4 -> 3947.8998
A12: 293.08481 | B12: 1.062315 | C12: 6.7299262e-06 | D12: 4.0102521e-07 | F12: =C12/1000 -> 6.7299262e-09 | G12: =(B12*1000)/(4*PI()) -> 84.536345 | H12: =F12/$G$4 -> 4133.5566
A13: 293.08705 | B13: 1.5253755 | C13: 6.4664982e-06 | D13: 3.4433147e-07 | F13: =C13/1000 -> 6.4664982e-09 | G13: =(B13*1000)/(4*PI()) -> 121.38552 | H13: =F13/$G$4 -> 3971.7577
A14: 293.0907 | B14: 2.1155505 | C14: 6.8418938e-06 | D14: 3.2391784e-07 | F14: =C14/1000 -> 6.8418938e-09 | G14: =(B14*1000)/(4*PI()) -> 168.35016 | H14: =F14/$G$4 -> 4202.3277
A15: 293.0941 | B15: 2.7420441 | C15: 7.0061541e-06 | D15: 3.6829861e-07 | F15: =C15/1000 -> 7.0061541e-09 | G15: =(B15*1000)/(4*PI()) -> 218.20494 | H15: =F15/$G$4 -> 4303.2173
A16: 293.09798 | B16: 3.2141842 | C16: 6.5330359e-06 | D16: 2.7460107e-07 | F16: =C16/1000 -> 6.5330359e-09 | G16: =(B16*1000)/(4*PI()) -> 255.77665 | H16: =F16/$G$4 -> 4012.6256
A17: 293.09889 | B17: 4.848515 | C17: 6.8104425e-06 | D17: 3.2572979e-07 | F17: =C17/1000 -> 6.8104425e-09 | G17: =(B17*1000)/(4*PI()) -> 385.83257 | H17: =F17/$G$4 -> 4183.0101
A18: 293.09923 | B18: 5.3569736 | C18: 7.0001039e-06 | D18: 3.1129504e-07 | F18: =C18/1000 -> 7.0001039e-09 | G18: =(B18*1000)/(4*PI()) -> 426.29442 | H18: =F18/$G$4 -> 4299.5012
A19: 293.09688 | B19: 7.2455335 | C19: 6.5188425e-06 | D19: 3.6414322e-07 | F19: =C19/1000 -> 6.5188425e-09 | G19: =(B19*1000)/(4*PI()) -> 576.58123 | H19: =F19/$G$4 -> 4003.9079
A20: 293.09651 | B20: 8.825387 | C20: 7.4218864e-06 | D20: 3.0053583e-07 | F20: =C20/1000 -> 7.4218864e-09 | G20: =(B20*1000)/(4*PI()) -> 702.30198 | H20: =F20/$G$4 -> 4558.5623
... A257: 292.98413 | B257: 29999.778 | C257: 0.00068872691 | D257: 7.0228295e-07 | F257: =C257/1000 -> 6.8872691e-07 | G257: =(B257*1000)/(4*PI()) -> 2387306.5 | H257: =F257/$G$4 -> 423019.74

Sheet #2
B2: Fe2O3_Sample 2
C3: mass (kg) | D3: length (mm) | E3: width (mm) | F3: thickness (mm) | G3: Volume (m^3)
C4: ='sample info summary'!B8*10^-6 -> 8.269e-05 | D4: ='sample info summary'!C8 -> 4.02 | E4: ='sample info summary'!D8 -> 4.01 | F4: ='sample info summary'!E8 -> 0.0001 | G4: =(D4*E4*F4)*0.000000001 -> 1.61202e-12
A7: Raw data | F7: Converted
A8: Temperature (K) | B8: Magnetic Field (Oe) | C8: Moment (emu) | D8: M. Std. Err. (emu) | F8: Moment (Am^2) | G8: Field (A/m) | H8: Magnetization (A/m)
A9: 293.15808 | B9: -0.072636932 | C9: 2.0146129e-05 | D9: 3.0278905e-07 | F9: =C9/1000 -> 2.0146129e-08 | G9: =(B9*1000)/(4*PI()) -> -5.7802634 | H9: =F9/$G$4 -> 12497.444
A10: 293.14687 | B10: 0.77176735 | C10: 1.9875836e-05 | D10: 3.3369298e-07 | F10: =C10/1000 -> 1.9875836e-08 | G10: =(B10*1000)/(4*PI()) -> 61.415294 | H10: =F10/$G$4 -> 12329.77
A11: 293.1396 | B11: 0.69913042 | C11: 2.0051652e-05 | D11: 2.8277105e-07 | F11: =C11/1000 -> 2.0051652e-08 | G11: =(B11*1000)/(4*PI()) -> 55.635031 | H11: =F11/$G$4 -> 12438.836
A12: 293.13072 | B12: 1.252987 | C12: 2.034454e-05 | D12: 3.433126e-07 | F12: =C12/1000 -> 2.034454e-08 | G12: =(B12*1000)/(4*PI()) -> 99.70954 | H12: =F12/$G$4 -> 12620.526
A13: 293.12508 | B13: 1.6252512 | C13: 2.0548368e-05 | D13: 3.1658708e-07 | F13: =C13/1000 -> 2.0548368e-08 | G13: =(B13*1000)/(4*PI()) -> 129.33338 | H13: =F13/$G$4 -> 12746.968
A14: 293.11812 | B14: 2.0519933 | C14: 2.0208385e-05 | D14: 3.4215833e-07 | F14: =C14/1000 -> 2.0208385e-08 | G14: =(B14*1000)/(4*PI()) -> 163.29243 | H14: =F14/$G$4 -> 12536.063
A15: 293.11147 | B15: 2.4878148 | C15: 2.0887781e-05 | D15: 2.8252952e-07 | F15: =C15/1000 -> 2.0887781e-08 | G15: =(B15*1000)/(4*PI()) -> 197.97401 | H15: =F15/$G$4 -> 12957.52
A16: 293.10445 | B16: 3.7861999 | C16: 2.0673125e-05 | D16: 3.019462e-07 | F16: =C16/1000 -> 2.0673125e-08 | G16: =(B16*1000)/(4*PI()) -> 301.29622 | H16: =F16/$G$4 -> 12824.36
A17: 293.10046 | B17: 3.8225183 | C17: 2.1001334e-05 | D17: 2.6110425e-07 | F17: =C17/1000 -> 2.1001334e-08 | G17: =(B17*1000)/(4*PI()) -> 304.18635 | H17: =F17/$G$4 -> 13027.961
A18: 293.09372 | B18: 5.9562283 | C18: 2.0804015e-05 | D18: 3.2630088e-07 | F18: =C18/1000 -> 2.0804015e-08 | G18: =(B18*1000)/(4*PI()) -> 473.98158 | H18: =F18/$G$4 -> 12905.556
A19: 293.08624 | B19: 7.145658 | C19: 2.1657164e-05 | D19: 3.0871271e-07 | F19: =C19/1000 -> 2.1657164e-08 | G19: =(B19*1000)/(4*PI()) -> 568.6334 | H19: =F19/$G$4 -> 13434.799
A20: 293.08012 | B20: 8.7255111 | C20: 2.1428958e-05 | D20: 3.4107457e-07 | F20: =C20/1000 -> 2.1428958e-08 | G20: =(B20*1000)/(4*PI()) -> 694.35411 | H20: =F20/$G$4 -> 13293.233
... A257: 292.99213 | B257: 29999.669 | C257: 0.00078803879 | D257: 7.2712392e-07 | F257: =C257/1000 -> 7.8803879e-07 | G257: =(B257*1000)/(4*PI()) -> 2387297.8 | H257: =F257/$G$4 -> 488851.74

Sheet #3
B2: Fe2O3_Sample 3
C3: mass (kg) | D3: length (mm) | E3: width (mm) | F3: thickness (mm) | G3: Volume (m^3)
C4: ='sample info summary'!B10*10^-6 -> 8.252e-05 | D4: ='sample info summary'!C10 -> 4.03 | E4: ='sample info summary'!D10 -> 4.01 | F4: ='sample info summary'!E10 -> 0.0001 | G4: =(D4*E4*F4)*0.000000001 -> 1.61603e-12
A7: Raw data | F7: Converted
A8: Temperature (K) | B8: Magnetic Field (Oe) | C8: Moment (emu) | D8: M. Std. Err. (emu) | F8: Moment (Am^2) | G8: Field (A/m) | H8: Magnetization (A/m)
A9: 293.16129 | B9: -0.29054773 | C9: 1.9984911e-05 | D9: 2.8943125e-07 | F9: =C9/1000 -> 1.9984911e-08 | G9: =(B9*1000)/(4*PI()) -> -23.121054 | H9: =F9/$G$4 -> 12366.671
A10: 293.15088 | B10: 1.207589 | C10: 2.0744076e-05 | D10: 2.6523677e-07 | F10: =C10/1000 -> 2.0744076e-08 | G10: =(B10*1000)/(4*PI()) -> 96.096877 | H10: =F10/$G$4 -> 12836.443
A11: 293.14619 | B11: 1.1803501 | C11: 2.0319449e-05 | D11: 3.4169296e-07 | F11: =C11/1000 -> 2.0319449e-08 | G11: =(B11*1000)/(4*PI()) -> 93.929274 | H11: =F11/$G$4 -> 12573.683
A12: 293.13953 | B12: 1.0532355 | C12: 2.0751383e-05 | D12: 4.0494501e-07 | F12: =C12/1000 -> 2.0751383e-08 | G12: =(B12*1000)/(4*PI()) -> 83.813816 | H12: =F12/$G$4 -> 12840.964
A13: 293.13214 | B13: 1.561694 | C13: 2.0677881e-05 | D13: 2.6029223e-07 | F13: =C13/1000 -> 2.0677881e-08 | G13: =(B13*1000)/(4*PI()) -> 124.27566 | H13: =F13/$G$4 -> 12795.481
A14: 293.12518 | B14: 1.9793563 | C14: 2.03664e-05 | D14: 2.646193e-07 | F14: =C14/1000 -> 2.03664e-08 | G14: =(B14*1000)/(4*PI()) -> 157.51217 | H14: =F14/$G$4 -> 12602.736
A15: 293.1185 | B15: 2.6694071 | C15: 2.0587104e-05 | D15: 2.9800613e-07 | F15: =C15/1000 -> 2.0587104e-08 | G15: =(B15*1000)/(4*PI()) -> 212.42467 | H15: =F15/$G$4 -> 12739.308
A16: 293.1097 | B16: 3.6409261 | C16: 2.0770228e-05 | D16: 3.2274271e-07 | F16: =C16/1000 -> 2.0770228e-08 | G16: =(B16*1000)/(4*PI()) -> 289.73569 | H16: =F16/$G$4 -> 12852.625
A17: 293.10361 | B17: 4.1584644 | C17: 2.1618776e-05 | D17: 3.3116033e-07 | F17: =C17/1000 -> 2.1618776e-08 | G17: =(B17*1000)/(4*PI()) -> 330.92008 | H17: =F17/$G$4 -> 13377.707
A18: 293.09407 | B18: 5.8291135 | C18: 2.1217167e-05 | D18: 2.841495e-07 | F18: =C18/1000 -> 2.1217167e-08 | G18: =(B18*1000)/(4*PI()) -> 463.86611 | H18: =F18/$G$4 -> 13129.191
A19: 293.0883 | B19: 7.2092152 | C19: 2.1217982e-05 | D19: 3.9644197e-07 | F19: =C19/1000 -> 2.1217982e-08 | G19: =(B19*1000)/(4*PI()) -> 573.69111 | H19: =F19/$G$4 -> 13129.695
A20: 293.08113 | B20: 8.8707852 | C20: 2.1864904e-05 | D20: 2.7413103e-07 | F20: =C20/1000 -> 2.1864904e-08 | G20: =(B20*1000)/(4*PI()) -> 705.91466 | H20: =F20/$G$4 -> 13530.011
... A257: 292.99312 | B257: 30000.214 | C257: 0.00062544771 | D257: 7.0157317e-07 | F257: =C257/1000 -> 6.2544771e-07 | G257: =(B257*1000)/(4*PI()) -> 2387341.2 | H257: =F257/$G$4 -> 387027.29

Sheet #4
B2: Fe2O3_Sample 4
C3: mass (kg) | D3: length (mm) | E3: width (mm) | F3: thickness (mm) | G3: Volume (m^3)
C4: ='sample info summary'!B12*10^-6 -> 8.27e-05 | D4: ='sample info summary'!C12 -> 4 | E4: ='sample info summary'!D12 -> 4 | F4: ='sample info summary'!E12 -> 0.0001 | G4: =(D4*E4*F4)*0.000000001 -> 1.6e-12
A7: Raw data | F7: Converted
A8: Temperature (K) | B8: Magnetic Field (Oe) | C8: Moment (emu) | D8: M. Std. Err. (emu) | F8: Moment (Am^2) | G8: Field (A/m) | H8: Magnetization (A/m)
A9: 293.15604 | B9: -0.39950311 | C9: 1.1938311e-05 | D9: 3.3510551e-07 | F9: =C9/1000 -> 1.1938311e-08 | G9: =(B9*1000)/(4*PI()) -> -31.791448 | H9: =F9/$G$4 -> 7461.4442
A10: 293.14583 | B10: 1.062315 | C10: 1.2229642e-05 | D10: 2.3295343e-07 | F10: =C10/1000 -> 1.2229642e-08 | G10: =(B10*1000)/(4*PI()) -> 84.536345 | H10: =F10/$G$4 -> 7643.5261
A11: 293.14192 | B11: 1.0895539 | C11: 1.1826818e-05 | D11: 2.9901261e-07 | F11: =C11/1000 -> 1.1826818e-08 | G11: =(B11*1000)/(4*PI()) -> 86.703944 | H11: =F11/$G$4 -> 7391.7612
A12: 293.13589 | B12: 1.0441558 | C12: 1.2335377e-05 | D12: 3.9668613e-07 | F12: =C12/1000 -> 1.2335377e-08 | G12: =(B12*1000)/(4*PI()) -> 83.091281 | H12: =F12/$G$4 -> 7709.6108
A13: 293.12909 | B13: 1.4890571 | C13: 1.2464874e-05 | D13: 3.0991084e-07 | F13: =C13/1000 -> 1.2464874e-08 | G13: =(B13*1000)/(4*PI()) -> 118.4954 | H13: =F13/$G$4 -> 7790.5466
A14: 293.12213 | B14: 1.9611971 | C14: 1.2547093e-05 | D14: 3.1756273e-07 | F14: =C14/1000 -> 1.2547093e-08 | G14: =(B14*1000)/(4*PI()) -> 156.0671 | H14: =F14/$G$4 -> 7841.9329
A15: 293.1156 | B15: 2.7057256 | C15: 1.1656728e-05 | D15: 3.1388112e-07 | F15: =C15/1000 -> 1.1656728e-08 | G15: =(B15*1000)/(4*PI()) -> 215.3148 | H15: =F15/$G$4 -> 7285.4551
A16: 293.10817 | B16: 3.4048561 | C16: 1.2346743e-05 | D16: 3.2431439e-07 | F16: =C16/1000 -> 1.2346743e-08 | G16: =(B16*1000)/(4*PI()) -> 270.94984 | H16: =F16/$G$4 -> 7716.7145
A17: 293.09949 | B17: 4.1312256 | C17: 1.2385304e-05 | D17: 3.4588113e-07 | F17: =C17/1000 -> 1.2385304e-08 | G17: =(B17*1000)/(4*PI()) -> 328.75249 | H17: =F17/$G$4 -> 7740.8149
A18: 293.09261 | B18: 5.7837155 | C18: 1.2572807e-05 | D18: 2.8493183e-07 | F18: =C18/1000 -> 1.2572807e-08 | G18: =(B18*1000)/(4*PI()) -> 460.25345 | H18: =F18/$G$4 -> 7858.0045
A19: 293.08597 | B19: 7.1910558 | C19: 1.2949697e-05 | D19: 3.1529482e-07 | F19: =C19/1000 -> 1.2949697e-08 | G19: =(B19*1000)/(4*PI()) -> 572.24604 | H19: =F19/$G$4 -> 8093.5608
A20: 293.07976 | B20: 8.74367 | C20: 1.2950671e-05 | D20: 2.6515254e-07 | F20: =C20/1000 -> 1.2950671e-08 | G20: =(B20*1000)/(4*PI()) -> 695.79915 | H20: =F20/$G$4 -> 8094.1696
... A257: 292.99147 | B257: 30000.16 | C257: 0.00024909324 | D257: 8.0811705e-07 | F257: =C257/1000 -> 2.4909324e-07 | G257: =(B257*1000)/(4*PI()) -> 2387336.9 | H257: =F257/$G$4 -> 155683.27

Sheet #5
B2: Fe2O3_Sample 5
C3: mass (kg) | D3: length (mm) | E3: width (mm) | F3: thickness (mm) | G3: Volume (m^3)
C4: ='sample info summary'!B14*10^-6 -> 8.279e-05 | D4: ='sample info summary'!C14 -> 4.01 | E4: ='sample info summary'!D14 -> 4.03 | F4: ='sample info summary'!E14 -> 0.0001 | G4: =(D4*E4*F4)*0.000000001 -> 1.61603e-12
A7: Raw data | F7: Converted
A8: Temperature (K) | B8: Magnetic Field (Oe) | C8: Moment (emu) | D8: M. Std. Err. (emu) | F8: Moment (Am^2) | G8: Field (A/m) | H8: Magnetization (A/m)
A9: 293.1703 | B9: -0.30870697 | C9: -3.1594907e-05 | D9: 3.4857042e-07 | F9: =C9/1000 -> -3.1594907e-08 | G9: =(B9*1000)/(4*PI()) -> -24.56612 | H9: =F9/$G$4 -> -19550.941
A10: 293.16048 | B10: 1.0895539 | C10: -3.0897025e-05 | D10: 4.2709198e-07 | F10: =C10/1000 -> -3.0897025e-08 | G10: =(B10*1000)/(4*PI()) -> 86.703944 | H10: =F10/$G$4 -> -19119.091
A11: 293.15637 | B11: 1.0713947 | C11: -3.1015787e-05 | D11: 2.8561348e-07 | F11: =C11/1000 -> -3.1015787e-08 | G11: =(B11*1000)/(4*PI()) -> 85.25888 | H11: =F11/$G$4 -> -19192.581
A12: 293.14792 | B12: 1.0986335 | C12: -3.080934e-05 | D12: 2.7933651e-07 | F12: =C12/1000 -> -3.080934e-08 | G12: =(B12*1000)/(4*PI()) -> 87.426478 | H12: =F12/$G$4 -> -19064.832
A13: 293.14217 | B13: 1.6070921 | C13: -3.1153561e-05 | D13: 3.5288221e-07 | F13: =C13/1000 -> -3.1153561e-08 | G13: =(B13*1000)/(4*PI()) -> 127.88832 | H13: =F13/$G$4 -> -19277.836
A14: 293.1349 | B14: 2.0519933 | C14: -3.1136598e-05 | D14: 2.8452558e-07 | F14: =C14/1000 -> -3.1136598e-08 | G14: =(B14*1000)/(4*PI()) -> 163.29243 | H14: =F14/$G$4 -> -19267.339
A15: 293.12694 | B15: 2.5422925 | C15: -3.0742677e-05 | D15: 3.3697922e-07 | F15: =C15/1000 -> -3.0742677e-08 | G15: =(B15*1000)/(4*PI()) -> 202.30921 | H15: =F15/$G$4 -> -19023.58
A16: 293.11917 | B16: 3.6772445 | C16: -3.0078232e-05 | D16: 2.424518e-07 | F16: =C16/1000 -> -3.0078232e-08 | G16: =(B16*1000)/(4*PI()) -> 292.62582 | H16: =F16/$G$4 -> -18612.422
A17: 293.11128 | B17: 4.1675439 | C17: -3.0336704e-05 | D17: 3.7320444e-07 | F17: =C17/1000 -> -3.0336704e-08 | G17: =(B17*1000)/(4*PI()) -> 331.64261 | H17: =F17/$G$4 -> -18772.364
A18: 293.10458 | B18: 5.9017506 | C18: -3.0454344e-05 | D18: 3.346565e-07 | F18: =C18/1000 -> -3.0454344e-08 | G18: =(B18*1000)/(4*PI()) -> 469.64639 | H18: =F18/$G$4 -> -18845.16
A19: 293.09784 | B19: 7.2909319 | C19: -3.033021e-05 | D19: 2.7323332e-07 | F19: =C19/1000 -> -3.033021e-08 | G19: =(B19*1000)/(4*PI()) -> 580.19393 | H19: =F19/$G$4 -> -18768.346
A20: 293.08974 | B20: 8.9797401 | C20: -2.9782199e-05 | D20: 3.2678143e-07 | F20: =C20/1000 -> -2.9782199e-08 | G20: =(B20*1000)/(4*PI()) -> 714.58502 | H20: =F20/$G$4 -> -18429.236
... A257: 292.99309 | B257: 29999.697 | C257: 0.00028350386 | D257: 5.4339874e-07 | F257: =C257/1000 -> 2.8350386e-07 | G257: =(B257*1000)/(4*PI()) -> 2387300.1 | H257: =F257/$G$4 -> 175432.3

Sheet #6
B2: Fe2O3_Sample 6
C3: mass (kg) | D3: length (mm) | E3: width (mm) | F3: thickness (mm) | G3: Volume (m^3)
C4: ='sample info summary'!B16*10^-6 -> 8.264e-05 | D4: ='sample info summary'!C16 -> 4 | E4: ='sample info summary'!D16 -> 4.02 | F4: ='sample info summary'!E16 -> 0.0001 | G4: =(D4*E4*F4)*0.000000001 -> 1.608e-12
A7: Raw data | F7: Converted
A8: Temperature (K) | B8: Magnetic Field (Oe) | C8: Moment (emu) | D8: M. Std. Err. (emu) | F8: Moment (Am^2) | G8: Field (A/m) | H8: Magnetization (A/m)
A9: 293.16191 | B9: -0.19975156 | C9: 1.1276885e-05 | D9: 2.8582662e-07 | F9: =C9/1000 -> 1.1276885e-08 | G9: =(B9*1000)/(4*PI()) -> -15.895724 | H9: =F9/$G$4 -> 7012.9884
A10: 293.15005 | B10: 1.1077132 | C10: 1.1619425e-05 | D10: 3.3179871e-07 | F10: =C10/1000 -> 1.1619425e-08 | G10: =(B10*1000)/(4*PI()) -> 88.149017 | H10: =F10/$G$4 -> 7226.0107
A11: 293.14601 | B11: 1.1621909 | C11: 1.2058073e-05 | D11: 2.8465387e-07 | F11: =C11/1000 -> 1.2058073e-08 | G11: =(B11*1000)/(4*PI()) -> 92.48421 | H11: =F11/$G$4 -> 7498.8018
A12: 293.14143 | B12: 1.1621909 | C12: 1.2239426e-05 | D12: 3.2400246e-07 | F12: =C12/1000 -> 1.2239426e-08 | G12: =(B12*1000)/(4*PI()) -> 92.484214 | H12: =F12/$G$4 -> 7611.5833
A13: 293.13452 | B13: 1.6252512 | C13: 1.2351236e-05 | D13: 3.4063178e-07 | F13: =C13/1000 -> 1.2351236e-08 | G13: =(B13*1000)/(4*PI()) -> 129.33338 | H13: =F13/$G$4 -> 7681.1172
A14: 293.12669 | B14: 2.2971429 | C14: 1.2280787e-05 | D14: 3.4187015e-07 | F14: =C14/1000 -> 1.2280787e-08 | G14: =(B14*1000)/(4*PI()) -> 182.80082 | H14: =F14/$G$4 -> 7637.3055
A15: 293.12056 | B15: 2.7783625 | C15: 1.2194767e-05 | D15: 3.5810572e-07 | F15: =C15/1000 -> 1.2194767e-08 | G15: =(B15*1000)/(4*PI()) -> 221.09506 | H15: =F15/$G$4 -> 7583.8102
A16: 293.11406 | B16: 3.286821 | C16: 1.2213319e-05 | D16: 2.898182e-07 | F16: =C16/1000 -> 1.2213319e-08 | G16: =(B16*1000)/(4*PI()) -> 261.55691 | H16: =F16/$G$4 -> 7595.3476
A17: 293.1055 | B17: 4.7304797 | C17: 1.2092543e-05 | D17: 3.5158161e-07 | F17: =C17/1000 -> 1.2092543e-08 | G17: =(B17*1000)/(4*PI()) -> 376.43962 | H17: =F17/$G$4 -> 7520.2385
A18: 293.09935 | B18: 5.4386899 | C18: 1.2061585e-05 | D18: 3.044525e-07 | F18: =C18/1000 -> 1.2061585e-08 | G18: =(B18*1000)/(4*PI()) -> 432.79719 | H18: =F18/$G$4 -> 7500.9857
A19: 293.09402 | B19: 7.3181705 | C19: 1.2706901e-05 | D19: 2.6681592e-07 | F19: =C19/1000 -> 1.2706901e-08 | G19: =(B19*1000)/(4*PI()) -> 582.36151 | H19: =F19/$G$4 -> 7902.3014
A20: 293.08762 | B20: 8.9434218 | C20: 1.31603e-05 | D20: 3.5086859e-07 | F20: =C20/1000 -> 1.31603e-08 | G20: =(B20*1000)/(4*PI()) -> 711.6949 | H20: =F20/$G$4 -> 8184.2663
... A257: 292.99278 | B257: 29999.651 | C257: 0.00025984685 | D257: 7.7678748e-07 | F257: =C257/1000 -> 2.5984685e-07 | G257: =(B257*1000)/(4*PI()) -> 2387296.4 | H257: =F257/$G$4 -> 161596.3
